{
  "Create User Request" : {
    "transaction" : "Create User Request",
    "sampleCount" : 10,
    "errorCount" : 0,
    "errorPct" : 0.0,
    "meanResTime" : 3390.5,
    "medianResTime" : 1371.0,
    "minResTime" : 921.0,
    "maxResTime" : 22021.0,
    "pct1ResTime" : 19989.500000000007,
    "pct2ResTime" : 22021.0,
    "pct3ResTime" : 22021.0,
    "throughput" : 0.4540913631822723,
    "receivedKBytesPerSec" : 0.17649254154935975,
    "sentKBytesPerSec" : 0.18757875647080194
  },
  "Delete User Request" : {
    "transaction" : "Delete User Request",
    "sampleCount" : 10,
    "errorCount" : 0,
    "errorPct" : 0.0,
    "meanResTime" : 214.5,
    "medianResTime" : 205.0,
    "minResTime" : 202.0,
    "maxResTime" : 307.0,
    "pct1ResTime" : 297.0,
    "pct2ResTime" : 307.0,
    "pct3ResTime" : 307.0,
    "throughput" : 0.5004754516790951,
    "receivedKBytesPerSec" : 0.19549822331214653,
    "sentKBytesPerSec" : 0.11045649617136279
  },
  "Total" : {
    "transaction" : "Total",
    "sampleCount" : 30,
    "errorCount" : 0,
    "errorPct" : 0.0,
    "meanResTime" : 1250.6333333333334,
    "medianResTime" : 205.0,
    "minResTime" : 142.0,
    "maxResTime" : 22021.0,
    "pct1ResTime" : 1613.0000000000002,
    "pct2ResTime" : 10847.749999999985,
    "pct3ResTime" : 22021.0,
    "throughput" : 1.3339855040241895,
    "receivedKBytesPerSec" : 0.5193511272177509,
    "sentKBytesPerSec" : 0.47722984014407044
  },
  "Update User Request" : {
    "transaction" : "Update User Request",
    "sampleCount" : 10,
    "errorCount" : 0,
    "errorPct" : 0.0,
    "meanResTime" : 146.9,
    "medianResTime" : 144.5,
    "minResTime" : 142.0,
    "maxResTime" : 159.0,
    "pct1ResTime" : 158.8,
    "pct2ResTime" : 159.0,
    "pct3ResTime" : 159.0,
    "throughput" : 0.5045663252434532,
    "receivedKBytesPerSec" : 0.19611073969423282,
    "sentKBytesPerSec" : 0.22173324839800193
  }
}