{
  "Create User Request" : {
    "transaction" : "Create User Request",
    "sampleCount" : 10,
    "errorCount" : 0,
    "errorPct" : 0.0,
    "meanResTime" : 9187.9,
    "medianResTime" : 1289.0,
    "minResTime" : 528.0,
    "maxResTime" : 21669.0,
    "pct1ResTime" : 21659.7,
    "pct2ResTime" : 21669.0,
    "pct3ResTime" : 21669.0,
    "throughput" : 0.45265254390729676,
    "receivedKBytesPerSec" : 0.17593331296396886,
    "sentKBytesPerSec" : 0.1869844004617056
  },
  "Delete User Request" : {
    "transaction" : "Delete User Request",
    "sampleCount" : 10,
    "errorCount" : 0,
    "errorPct" : 0.0,
    "meanResTime" : 180.89999999999998,
    "medianResTime" : 207.5,
    "minResTime" : 125.0,
    "maxResTime" : 215.0,
    "pct1ResTime" : 214.7,
    "pct2ResTime" : 215.0,
    "pct3ResTime" : 215.0,
    "throughput" : 0.4884482000683827,
    "receivedKBytesPerSec" : 0.19080007815171202,
    "sentKBytesPerSec" : 0.10780204415571729
  },
  "Total" : {
    "transaction" : "Total",
    "sampleCount" : 30,
    "errorCount" : 0,
    "errorPct" : 0.0,
    "meanResTime" : 3166.8333333333335,
    "medianResTime" : 207.5,
    "minResTime" : 125.0,
    "maxResTime" : 21669.0,
    "pct1ResTime" : 21571.9,
    "pct2ResTime" : 21617.85,
    "pct3ResTime" : 21669.0,
    "throughput" : 1.3409619166815663,
    "receivedKBytesPerSec" : 0.522067204541391,
    "sentKBytesPerSec" : 0.47972563360450565
  },
  "Update User Request" : {
    "transaction" : "Update User Request",
    "sampleCount" : 10,
    "errorCount" : 0,
    "errorPct" : 0.0,
    "meanResTime" : 131.7,
    "medianResTime" : 129.5,
    "minResTime" : 125.0,
    "maxResTime" : 141.0,
    "pct1ResTime" : 140.6,
    "pct2ResTime" : 141.0,
    "pct3ResTime" : 141.0,
    "throughput" : 0.4888063349301007,
    "receivedKBytesPerSec" : 0.18998527470916024,
    "sentKBytesPerSec" : 0.21480747140482942
  }
}