{
  "HTTP Main Page Request" : {
    "transaction" : "HTTP Main Page Request",
    "sampleCount" : 10,
    "errorCount" : 0,
    "errorPct" : 0.0,
    "meanResTime" : 20.7,
    "medianResTime" : 15.0,
    "minResTime" : 9.0,
    "maxResTime" : 79.0,
    "pct1ResTime" : 73.20000000000002,
    "pct2ResTime" : 79.0,
    "pct3ResTime" : 79.0,
    "throughput" : 1.1370096645821488,
    "receivedKBytesPerSec" : 21.487706083001704,
    "sentKBytesPerSec" : 0.13102259806708358
  },
  "HTTP Contacts Request" : {
    "transaction" : "HTTP Contacts Request",
    "sampleCount" : 10,
    "errorCount" : 0,
    "errorPct" : 0.0,
    "meanResTime" : 7.1,
    "medianResTime" : 7.5,
    "minResTime" : 4.0,
    "maxResTime" : 11.0,
    "pct1ResTime" : 10.8,
    "pct2ResTime" : 11.0,
    "pct3ResTime" : 11.0,
    "throughput" : 1.1462631820265932,
    "receivedKBytesPerSec" : 19.771920492320035,
    "sentKBytesPerSec" : 0.14104410247592847
  },
  "HTTP Request Add Post" : {
    "transaction" : "HTTP Request Add Post",
    "sampleCount" : 100,
    "errorCount" : 80,
    "errorPct" : 80.0,
    "meanResTime" : 50.28000000000001,
    "medianResTime" : 51.0,
    "minResTime" : 6.0,
    "maxResTime" : 105.0,
    "pct1ResTime" : 84.0,
    "pct2ResTime" : 91.94999999999999,
    "pct3ResTime" : 104.96999999999998,
    "throughput" : 60.31363088057901,
    "receivedKBytesPerSec" : 23.16302585946924,
    "sentKBytesPerSec" : 78.2433890606152
  },
  "Total" : {
    "transaction" : "Total",
    "sampleCount" : 236,
    "errorCount" : 80,
    "errorPct" : 33.898304,
    "meanResTime" : 453.15677966101686,
    "medianResTime" : 84.0,
    "minResTime" : 4.0,
    "maxResTime" : 1701.0,
    "pct1ResTime" : 1293.6,
    "pct2ResTime" : 1468.249999999999,
    "pct3ResTime" : 1681.15,
    "throughput" : 26.42777155655095,
    "receivedKBytesPerSec" : 58.43496290593505,
    "sentKBytesPerSec" : 14.941843680011198
  },
  "JSR223 Sampler Post Content Generation" : {
    "transaction" : "JSR223 Sampler Post Content Generation",
    "sampleCount" : 100,
    "errorCount" : 0,
    "errorPct" : 0.0,
    "meanResTime" : 940.4800000000001,
    "medianResTime" : 958.5,
    "minResTime" : 85.0,
    "maxResTime" : 1701.0,
    "pct1ResTime" : 1494.5000000000002,
    "pct2ResTime" : 1602.6999999999998,
    "pct3ResTime" : 1700.77,
    "throughput" : 46.468401486988846,
    "receivedKBytesPerSec" : 0.0,
    "sentKBytesPerSec" : 0.0
  },
  "JSR223 Sampler" : {
    "transaction" : "JSR223 Sampler",
    "sampleCount" : 8,
    "errorCount" : 0,
    "errorPct" : 0.0,
    "meanResTime" : 938.75,
    "medianResTime" : 877.0,
    "minResTime" : 412.0,
    "maxResTime" : 1683.0,
    "pct1ResTime" : 1683.0,
    "pct2ResTime" : 1683.0,
    "pct3ResTime" : 1683.0,
    "throughput" : 3.745318352059925,
    "receivedKBytesPerSec" : 0.0,
    "sentKBytesPerSec" : 0.0
  },
  "HTTP Request" : {
    "transaction" : "HTTP Request",
    "sampleCount" : 8,
    "errorCount" : 0,
    "errorPct" : 0.0,
    "meanResTime" : 10.125,
    "medianResTime" : 11.0,
    "minResTime" : 6.0,
    "maxResTime" : 13.0,
    "pct1ResTime" : 13.0,
    "pct2ResTime" : 13.0,
    "pct3ResTime" : 13.0,
    "throughput" : 4.978220286247667,
    "receivedKBytesPerSec" : 75.8838285625389,
    "sentKBytesPerSec" : 0.8216008089607966
  }
}