{
  "Create User Request" : {
    "transaction" : "Create User Request",
    "sampleCount" : 10,
    "errorCount" : 0,
    "errorPct" : 0.0,
    "meanResTime" : 7146.4,
    "medianResTime" : 1148.5,
    "minResTime" : 592.0,
    "maxResTime" : 21619.0,
    "pct1ResTime" : 21615.9,
    "pct2ResTime" : 21619.0,
    "pct3ResTime" : 21619.0,
    "throughput" : 0.45651677699155446,
    "receivedKBytesPerSec" : 0.17743523168226433,
    "sentKBytesPerSec" : 0.18858066080803468
  },
  "Delete User Request" : {
    "transaction" : "Delete User Request",
    "sampleCount" : 10,
    "errorCount" : 0,
    "errorPct" : 0.0,
    "meanResTime" : 184.6,
    "medianResTime" : 202.0,
    "minResTime" : 131.0,
    "maxResTime" : 207.0,
    "pct1ResTime" : 206.7,
    "pct2ResTime" : 207.0,
    "pct3ResTime" : 207.0,
    "throughput" : 0.5030181086519115,
    "receivedKBytesPerSec" : 0.19649144869215293,
    "sentKBytesPerSec" : 0.1110176685110664
  },
  "Total" : {
    "transaction" : "Total",
    "sampleCount" : 30,
    "errorCount" : 0,
    "errorPct" : 0.0,
    "meanResTime" : 2507.7666666666664,
    "medianResTime" : 213.0,
    "minResTime" : 130.0,
    "maxResTime" : 21619.0,
    "pct1ResTime" : 19567.500000000044,
    "pct2ResTime" : 21601.95,
    "pct3ResTime" : 21619.0,
    "throughput" : 1.3526918567950221,
    "receivedKBytesPerSec" : 0.5266339390386869,
    "sentKBytesPerSec" : 0.4839219891333754
  },
  "Update User Request" : {
    "transaction" : "Update User Request",
    "sampleCount" : 10,
    "errorCount" : 0,
    "errorPct" : 0.0,
    "meanResTime" : 192.3,
    "medianResTime" : 213.0,
    "minResTime" : 130.0,
    "maxResTime" : 225.0,
    "pct1ResTime" : 224.3,
    "pct2ResTime" : 225.0,
    "pct3ResTime" : 225.0,
    "throughput" : 0.5011526510975244,
    "receivedKBytesPerSec" : 0.19478394056329557,
    "sentKBytesPerSec" : 0.22023309862684173
  }
}